benchmark_category,dataset,score_mean,score_std,time_taken_sum,noise_dataset,reference_dataset
SPEAKER,recording/default/eng,85.4113062722989,14.293184311240852,31.641559839248657,,
SPEAKER,e2-tts/default/eng,84.73907370204844,12.034490097630691,30.363602876663208,,
SPEAKER,maskgct/default/eng,84.57400172106412,12.461422864936003,32.70223593711853,,
SPEAKER,indextts/default/eng,83.84137351834104,10.21755652065991,32.735410928726196,,
SPEAKER,gpt-sovits/v4/eng,83.52170812797345,12.512117582309733,30.324454307556152,,
SPEAKER,vevo/vevo1.5/eng,83.20207886857442,13.49379502154248,31.6684513092041,,
SPEAKER,vibevoice/default/eng,82.82909238110327,12.286466805382766,30.16530418395996,,
SPEAKER,f5-tts/v1/eng,81.43632377134959,12.94582812129237,29.96598744392395,,
SPEAKER,xtts/v2/eng,80.55996847058101,13.438319151431413,9.180361032485962,,
SPEAKER,voicecraft/giga830m_tts_enhanced/eng,80.5504721958302,12.621602929078028,29.989529371261597,,
SPEAKER,hierspeech/v1.1/eng,80.03365080504724,12.517901575611326,28.419429302215576,,
SPEAKER,qwen3-tts/1.7b-base/eng,79.56717261913379,13.75554212417458,30.105806827545166,,
SPEAKER,whisperspeech/small/eng,79.01137316730103,12.902657085651024,10.139302968978882,,
SPEAKER,fish-speech/s1-mini/eng,78.10215946225657,13.042092923496794,30.400683164596558,,
SPEAKER,styletts2/default/eng,77.87800683858147,14.432692496351306,32.39182949066162,,
SPEAKER,metavoice/default/eng,77.53109610963507,16.04243276177297,30.023085117340088,,
SPEAKER,tortoise/default/eng,77.36807232750304,14.291100969460711,31.755627393722534,,
SPEAKER,openvoice/default/eng,75.29634658629894,14.641147241509442,32.89775991439819,,
PROSODY,recording/default/eng,90.67473903968262,8.178843324087149,18.503512620925903,,
PROSODY,hierspeech/v1.1/eng,86.03920695491655,13.119998803407734,18.321104288101196,,
PROSODY,e2-tts/default/eng,85.80260024327133,16.752066805921743,22.64093852043152,,
PROSODY,vibevoice/default/eng,85.55951258276525,14.56804577757559,19.127613067626953,,
PROSODY,gpt-sovits/v4/eng,85.34921853345678,14.067988352028951,22.660905122756958,,
PROSODY,maskgct/default/eng,84.15756181873975,11.28680998579468,22.66868805885315,,
PROSODY,voicecraft/giga830m_tts_enhanced/eng,83.93393892916484,13.666785919332192,20.522664070129395,,
PROSODY,f5-tts/v1/eng,82.00902655409001,17.93705224181379,22.67788863182068,,
PROSODY,indextts/default/eng,81.6824899847897,15.525213458009587,17.07598376274109,,
PROSODY,xtts/v2/eng,81.19418987696697,14.216154192223122,9.105721235275269,,
PROSODY,metavoice/default/eng,79.87740970139144,11.986538061440283,21.781380653381348,,
PROSODY,qwen3-tts/1.7b-base/eng,79.87131580721093,16.42284161638772,19.512824535369873,,
PROSODY,whisperspeech/small/eng,78.71476891463793,16.11454916592993,9.220235824584961,,
PROSODY,tortoise/default/eng,77.64418885760303,15.712956373413917,17.704012632369995,,
PROSODY,vevo/vevo1.5/eng,77.14493636772478,12.147972856175356,20.836690664291382,,
PROSODY,openvoice/default/eng,76.41773858360757,17.19241350459488,20.941749572753906,,
PROSODY,styletts2/default/eng,75.96916386332106,15.163113631648017,20.874488830566406,,
PROSODY,fish-speech/s1-mini/eng,75.29496736434987,13.122421479033502,22.93454122543335,,
OVERALL,recording/default/eng,89.90884378142171,0.0,1016.7113807201385,,
OVERALL,maskgct/default/eng,86.89803874529183,0.0,1058.4241461753845,,
OVERALL,e2-tts/default/eng,86.5005812842495,0.0,1018.6926467418671,,
OVERALL,vibevoice/default/eng,86.03655275616114,0.0,972.2923138141632,,
OVERALL,gpt-sovits/v4/eng,84.57347308272416,0.0,1055.9300730228424,,
OVERALL,indextts/default/eng,84.43305873571614,0.0,1053.1265392303467,,
OVERALL,hierspeech/v1.1/eng,84.42928431330182,0.0,1053.744957447052,,
OVERALL,voicecraft/giga830m_tts_enhanced/eng,84.1299118618021,0.0,1006.4394721984863,,
OVERALL,vevo/vevo1.5/eng,82.85793528939948,0.0,1013.950160741806,,
OVERALL,xtts/v2/eng,82.82811211617077,0.0,469.8752636909485,,
OVERALL,f5-tts/v1/eng,82.46518516799486,0.0,1054.8192172050476,,
OVERALL,qwen3-tts/1.7b-base/eng,81.1877702851672,0.0,1011.1768934726715,,
OVERALL,metavoice/default/eng,79.0662458785258,0.0,1050.1141827106476,,
OVERALL,tortoise/default/eng,77.55191639248783,0.0,1010.9455690383911,,
OVERALL,styletts2/default/eng,76.16693060443602,0.0,1018.3757524490356,,
OVERALL,fish-speech/s1-mini/eng,76.04728452742853,0.0,1055.4219682216644,,
OVERALL,whisperspeech/small/eng,75.87144202047392,0.0,539.1175270080566,,
OVERALL,openvoice/default/eng,71.64759479302047,0.0,1025.9764165878296,,
INTELLIGIBILITY,recording/default/eng,87.31907648993509,12.569456167145175,600.8556981086731,,
INTELLIGIBILITY,maskgct/default/eng,85.6852477036158,13.687505593354894,648.9157540798187,,
INTELLIGIBILITY,e2-tts/default/eng,84.1645321601986,13.711220303889673,613.9411418437958,,
INTELLIGIBILITY,hierspeech/v1.1/eng,83.87590239191739,14.560578144422935,648.9569048881531,,
INTELLIGIBILITY,indextts/default/eng,83.65290096277907,12.843853487950152,648.9682171344757,,
INTELLIGIBILITY,vibevoice/default/eng,83.15551746516601,12.257464547274301,568.2522361278534,,
INTELLIGIBILITY,gpt-sovits/v4/eng,83.03912248750628,11.188866903037944,648.8008105754852,,
INTELLIGIBILITY,vevo/vevo1.5/eng,82.17009725181694,12.18082722367174,599.446480512619,,
INTELLIGIBILITY,xtts/v2/eng,81.64371494086808,17.88772991316552,316.97862243652344,,
INTELLIGIBILITY,voicecraft/giga830m_tts_enhanced/eng,80.64379024471816,12.057891445912162,599.3961594104767,,
INTELLIGIBILITY,qwen3-tts/1.7b-base/eng,80.52404370022563,13.909664966777598,600.1209316253662,,
INTELLIGIBILITY,f5-tts/v1/eng,80.45936001856579,13.990965402315705,644.1065897941589,,
INTELLIGIBILITY,styletts2/default/eng,73.65123262676597,19.140293267496354,599.6382026672363,,
INTELLIGIBILITY,tortoise/default/eng,71.65750470220922,22.868285234425684,599.4918236732483,,
INTELLIGIBILITY,fish-speech/s1-mini/eng,70.69811748041084,14.529726247922346,647.4737462997437,,
INTELLIGIBILITY,metavoice/default/eng,69.86392994194875,0.12297844444391647,644.051007270813,,
INTELLIGIBILITY,whisperspeech/small/eng,61.63470726898744,9.254627690931967,353.1440541744232,,
INTELLIGIBILITY,openvoice/default/eng,59.54256154891396,25.51215524220926,639.3723542690277,,
GENERIC,recording/default/eng,96.23025332377021,1.079373444858127,365.7106101512909,,
GENERIC,maskgct/default/eng,93.17534373774764,1.0353209911660692,354.1374680995941,,
GENERIC,vibevoice/default/eng,92.60208859561003,1.3532434810703369,354.7471604347229,,
GENERIC,voicecraft/giga830m_tts_enhanced/eng,91.39144607749523,1.8534626369881064,356.53111934661865,,
GENERIC,e2-tts/default/eng,91.29611903147963,0.7916556926430028,351.74696350097656,,
GENERIC,metavoice/default/eng,88.99254776112794,2.701207634761636,354.25870966911316,,
GENERIC,vevo/vevo1.5/eng,88.91462866948177,1.2247324562824307,361.9985382556915,,
GENERIC,indextts/default/eng,88.55547047695478,0.23229382276207874,354.3469274044037,,
GENERIC,xtts/v2/eng,87.91457517626702,0.6145828277325815,134.61055898666382,,
GENERIC,hierspeech/v1.1/eng,87.76837710132611,0.9620365681980484,358.04751896858215,,
GENERIC,gpt-sovits/v4/eng,86.38384318196012,0.48228637650110295,354.14390301704407,,
GENERIC,f5-tts/v1/eng,85.95603032797403,0.2887195285957476,358.06875133514404,,
GENERIC,qwen3-tts/1.7b-base/eng,84.78854901409846,0.6693701582516373,361.43733048439026,,
GENERIC,whisperspeech/small/eng,84.12491873096927,1.7777691547661216,166.61393404006958,,
GENERIC,tortoise/default/eng,83.537899682636,1.1479520209346212,361.9941053390503,,
GENERIC,fish-speech/s1-mini/eng,80.09389380269681,0.5980133068747584,354.61299753189087,,
GENERIC,styletts2/default/eng,77.16931908907557,1.0106016563534639,365.4712314605713,,
GENERIC,openvoice/default/eng,75.3337324532614,1.3657444019310123,332.7645528316498,,
